"SP500","Gold","Brent","Light","Platinum","Silver","Gas"
0.00149765299730742,0.0153532317466381,0.000752842014025923,0.00585471378755376,0.0170483064473839,0.0157433982125883,0.00907721815111662
0.0017755546082876,-0.00290275965796116,0.0110762994390532,0.0140525762330919,0.00388397138333296,-0.00218921119490512,-0.000753295704171708
-0.00353264462871383,-0.0101135821027949,-0.00357888840096621,-0.00682596507039968,0.00555691210080678,-0.0103856165593403,0.0164428218755484
0.00639062443817462,0.00195577014349269,-0.000448262988455461,0.00228050269872515,0.0185002590950383,0.00504892205389851,0
0.00123103805640223,0,-0.0301926901483354,-0.0334968070972073,0.0189767906257092,-0.000944733183161794,0.0541062357641653
-0.000790696301129934,-0.000902187866622661,0.0133121084515162,0.0143913259093926,0.00486168338069781,-0.0028395665080776,-0.0220101181921153
-0.000544190422790081,-0.00732272173375303,0.0102828669555839,0.0143632223663035,0.00138472212294705,-0.00379867503321574,0.00501254182354405
-0.00282954605869001,-0.00524177900925693,-0.00286252549512778,0.0129440323962964,0.00678046613137973,-0.0108419429372577,-0.000714540937868602
0.0068716739803607,-0.0141139107484722,-0.0195009226627256,-0.0316029477831741,-0.0123308966620295,-0.0240115364638056,0.0170096234243711
-0.00388814927426573,-0.00410264925030912,0.00842594031407184,0.00999472892629871,-0.0253653805919907,-0.00526836911676032,0.00385762358097552
-0.0011321175028618,0,0.000305064065819316,-0.00409289654019229,-0.00836025411604524,-0.000660502005518815,0.00905929540762895
-0.00654549099249735,-0.00334097665184796,0.00547529884968068,0.0035599895198537,-0.0106101791120157,-0.00430392983527783,-0.0174951978078854
-0.0081589038889609,0.00473621755720721,0.00242387635715247,0.00071047960359838,-0.0108464898594836,0.0016575505203984,0.0122787018889943
-0.00213401391983847,0.00586964922774413,-0.00424564701433372,-0.00498399038098007,0.00293650033599224,0.0174031645607235,-0.00139567363897486
0.0145595429409955,-0.00146418551954763,0.0123831241064183,0.0175117236996414,0.00924243475726971,0.00357433361858783,-0.0308480407737366
0.0029489762744177,0.00622719675196493,0.00284751035416431,0.00245184010743227,0.0117931571366512,0.00259151424596604,0.00431190032068951
0.0069255815470477,-0.00138047418195875,0.0121970871017698,0.0212866045583011,-0.000598336642035235,-0.005189761891498,0.0160060326231368
-0.000868420170603734,-0.00407583138166068,-0.00682393984623264,0.00869496569941486,-0.00684646239283548,-0.00718018750574068,0.000352795911226611
0.00497251937393539,0.00353846523047263,-0.00238450187498263,-0.00288992976312219,0.00216710896274286,0.00163639375412972,-0.0156419826255303
0.00369911056203698,0.00406146387639872,0.00609894043732595,0.0106681225121097,0.00886021121926639,0.00716848947861282,0.017051922936649
-0.00013061489628452,-0.00229691548805988,0.00414385675106388,-0.00438893344630564,0.0211130092812901,-0.00455581653586101,0.0073697473409271
-0.00294866569182872,0.0107499224516578,0.00867588707918987,0.0192684188658774,0.0152886925150906,0.0155342929621844,-0.0108983325123311
0.0107940496272239,-0.00822360531854738,-0.00823291918711888,-0.00666003127760284,-0.0130735939701907,-0.00644332126093206,-0.0135233377652451
-0.0191568542350531,0.00419639726176602,-0.00979091043461722,-0.0149796624121397,-0.0123031606379485,-0.00226500663085227,-0.0137087283937147
-0.000839425168105201,0.00455789303189835,-0.00268696982082517,0.00456814938718519,0.00751706616943437,0.0061359792064728,0.00181455321063972
0.00715710519489221,-0.0037968000657127,0.00803934655941685,0.0129142256018238,0.00780935258520277,-0.00775698782857104,-0.0138738990632041
-0.00465519890868205,-0.00365854066613291,-0.00207807704291785,-0.0139275680293585,-0.00663989858687675,-0.00814469398922668,0.00366972888896244
0.00358311729940386,-0.0123700244308411,0.000148577371939851,0.00707192709924076,-0.0150732952782171,-0.0198222545741715,-0.00330214939575901
0.00671171968568807,0.00270218269035993,0.00355925038358595,0.00968449713059538,0.00485294199751962,0.00764504305225255,-0.0177980226443274
0.0115021815000524,-0.00510165750544456,0.0235545964088821,0.0252679562930602,0.00834856986101684,-0.00497926339960753,0.0074543766726799
1.74385248410402e-05,0.00541001396795604,0.00591077912045979,0.0176654666155409,0.01129429249767,0.00795496405792928,-0.00185839116855868
0.00214610300046303,-0.000308356462511483,-0.00071895897841312,-0.00750982198445538,0.0174456392843592,-0.00165207372781362,-0.00522194398115183
0.0020824685638523,-0.002624876053547,-0.00302528502724364,-0.00417872674924347,0.0188227591540002,-0.000992555912751492,-0.0131754211585644
0.00462568369184257,0.00177640517847166,0.0167397856980314,0.018668272500701,0.0105515501085254,-0.0016564522588256,0.0150435330412847
0.00104690162986376,0.00569407509530517,0.00875835518127044,0.0200319687463129,0.00308880554458657,0.0098978043272604,0.0162906231291509
-0.00608595272610479,0.0023757531195816,-0.00380469704366337,-0.00637291346304458,-0.013975382737601,-0.0049366563973039,-0.0058932030594584
0.00347183431450038,0.00343866154750838,0.010393351984975,0.00233626770854123,0.0169448652605713,0.00197758798794556,-0.00147874333785358
3.80851480086264e-05,-0.011431326291544,-0.00827784453215585,-0.00671195839076422,-0.0133770166770679,-0.016935486946613,-0.0100391250283285
0.00658763228693626,-0.00193087528613578,0.0079983587841097,-0.00141054799658846,-0.00345616041674912,0,-0.00825520635596633
-0.000629624362145975,-0.00457170220143066,-0.00350017858221019,-0.00408612858331381,-0.00571206122723922,-0.00134048277445187,-0.0240240343300427
0.000509235057386981,-0.00607620471929327,0.00782345426512254,0.0165551180630477,-0.00585785160479446,0.00468384931242616,-0.00502999706297735
-0.00227636383039442,-0.00446376871802467,-0.00306620449286132,-0.0105887006148819,0.00214434933474816,-0.00535476513765998,-0.0283260480431191
0.00157781990469896,0.00297805862732226,0.00515142106826438,0.00281382083420034,0.022297467805557,0.00435292835324885,-0.00560225554866978
0.00101152597649357,-0.00125283862601311,0.0306327794220334,0.0275592840082783,-0.0032024763718157,0.000334057126874843,0.015133701814222
0.00880236440189197,-0.00353204715533728,0.00148038517043414,0.00136580945429454,-0.0138102206024868,-0.0134501018882487,-0.0264332570681555
-0.00219419190461512,0.0044718232445522,0.00255187835750448,-0.00227738654567844,-0.00460856208239502,0.00674766392877535,0.000811359070879369
-0.000369015041550291,0.00359431548079581,-0.0125533132598727,-0.0133121084515162,0.00684895732890745,0.00503103526383741,0.0160904517317239
0.00467436348590411,0.0049017798983888,-0.0344075392054508,-0.0328822485358895,0.0103524050296393,0.00633652278579255,0.0236604097195681
0.00107089868824861,-0.00233118451985792,0.00406875342087876,0.00950577499970073,-0.000775494416530798,-0.00333000640718728,0.00737724176694787
0.000950948132915741,-0.00296065662309175,0.00335476971050497,-0.00094652160403097,-0.0141751355041366,-0.00334113240983491,-0.00426439878645757
-0.00753041264950127,-0.00453586450623966,0.00542761056872365,0.00141944665422677,-0.0237740822304433,-0.0165348798337908,0.0154205060280953
-0.00212625802340316,-0.00227567093146597,-0.0238775388851336,-0.0295903236209227,-0.0182382937741954,-0.00409137972703144,-0.00575485954267696
0.00959217064148099,0.00571855383151387,0.00609369135691917,0.00582714500919312,0.0254643388659348,0.0212953796928463,-0.0143385521848108
-0.00448103966665503,0.00288600488913549,0.00282167230103347,0.00851752839232311,0.0117026842593893,-0.00133868828559658,-0.0141511795462431
-0.0166495150098189,0.00342119920044048,-0.0310490640039616,-0.00916331465951892,-0.00907756148266525,0.00234152975356317,0.0074936260741868
-0.00160667132681702,-0.00412243418184222,-0.0048073513809026,-0.00469446430732035,-0.0165501996200765,-0.00838790356542773,0.0209961056568672
-0.00302601558871896,0.0034235950028787,0.00335301720949843,0.000810964280923088,-0.0045298875300066,-0.00303695188706143,-0.00694983492287649
0.00371341775645373,-0.000466164253643875,0.030811350394341,0.00339888649619535,0.00961601570615489,-0.00135272256001118,0.0146156447890982
-0.0244265447064445,0.0103595824054974,-0.0302293628906449,-0.0113748382768204,-0.00300231172402565,0.00236606498754544,0.00722848876954796
0.0079840602076553,-0.00346700913560394,0.00739080242759549,0.00489078249092856,-0.00742893724221005,-0.00101334242753426,0.00717661248255363
0.00582197702081011,0.000925711706931232,0.0177451708439467,0.0174113700448943,-0.012073052932271,-0.000676132547732244,-0.0197649915723462
0.00885591964871235,-0.00797372136479613,0.00833397012316883,0.0114414087769417,-0.0198898952548605,-0.0173976757222492,0.0118299414349305
-0.00585442365312794,-0.00717631784941108,0.01507776714279,-0.00602220520527563,-0.0144183754242722,-0.00968195668291516,-0.00494391575552411
-0.00677224085341521,-0.00172373309153784,-0.0228445222762756,0.0088622197364403,0.000366054546214301,0.00173581019108893,0.0121259538091654
0.00845990471362335,-0.00149107345656141,-0.00782755010645797,-0.0142814233081063,-0.010054032704339,0,-0.0128887303526328
-0.00282836169900236,-0.000628486154711894,-0.0191855866719024,-0.0242651827752294,-0.0162746619573912,-0.000693962553873551,-0.0278547989472909
-0.0119856819430169,0.00837348868757282,-0.0331685720809451,-0.0414567136783459,0.00499751165047169,0.0103592086610949,0.0136374605263772
0.00135261957842747,0.000856864706759275,0.0418693230256757,0.00883608127958091,0.00435242868273988,-0.00068728525042161,0.00540333232805223
-0.00841089093465275,-0.00280701938698336,-0.0297479624933308,-0.0107152993947546,-0.00997638901623077,-0.0131489783741379,-0.00540333232805223
-0.0069359555174735,-0.00328484575048815,0.00104066016973636,0.012405631102161,-0.00830611369908762,0,0.0119255115965309
0.00209624117480001,0.0161632238954281,-0.0538773763235012,-0.056274613640416,0.0021460590197,0.0103951040003403,-0.020475894042344
-0.0132831880231201,0.00989461572080952,-0.03202695461066,-0.0445735884979785,0,0.00378462519517253,-0.0390021578032691
-0.00276903157184982,0.0134189496985062,-0.0259158345146213,-0.00844203494128326,0.0327491434779228,0.011608187705999,-0.0200867585667373
0.0212059023221798,0.00188090188243617,0.0102497177702219,0.000376718783886787,0.00292469133653928,0.00338868504551648,-0.000828500461641402
0.00812876850064104,0.00345164295563194,-0.018257768573565,-0.0244007531139294,-0.018793158884046,0.00202771275965175,-0.0154523851424962
0.00611680955586635,0.00157179778626926,0.0282406679427512,0.0287228494785468,-0.00285590310209027,0.00404313219235641,-0.0152674721307884
0.0104429452245673,0.00581657120888401,0.0293643239999639,0.018577535950921,0.00248385621989211,0.00937088517330675,-0.00128287381288905
0.00464925742895161,-0.00911270124382213,-0.0277372491209942,-0.0135274924866753,-0.000620385899915199,-0.0212093457744897,0.0140218995903189
-0.000349938071462219,0.00262280490569555,-0.0167217011014547,-0.0226424767497599,0.014784056384781,0.00576761564917483,0.00965785377919637
-0.00203969849887287,0.00157038731095227,-0.0129785515599217,-0.0200469319452909,-0.0069951810062534,-0.00101540032416958,-0.0113470433700411
0.00408907817124149,0.00781515644526198,0.0185835777737129,0.0204285385135545,0.00159970501105189,0.0107781440827801,-0.0144744970679492
-0.00161284216998325,-0.00259827175609395,0.0196962499757243,0.0106262859486637,-0.0126208059783135,-0.00503779402995752,0.0237299270421097
0.000931335703024061,7.43301000083463e-05,-0.0341016650739414,-0.0157903023971424,-0.014423025466006,-0.00101061150592319,-0.00503779402995719
0.00967046255701121,0.00274633685326542,0.02405784177828,0.0396631257840041,0.0129276980845727,0.00939289025872769,-0.0178348676360341
0.00298073014106226,0.0243110750255404,0.00729989453022117,0.00825920084494891,0.0135011650112347,0.0168850229055573,-0.0212175095181961
0.00942761512771639,0.0180663025435344,0.0447257919639572,0.0385455981471194,-0.00345082915773354,0.0159586516635897,-0.033826099908188
-0.00126002618014809,-0.00320227991138466,0.00999623856337628,0.0129304614789918,-0.00111172885269006,-0.0087620226315499,-0.00544713103550698
-0.00173343485612421,0.0256830299497697,-0.00876052632704827,-0.00469852078155419,0.00542340784529838,0.00843886864586496,0.0432042253047058
-0.00954170231556351,-0.0192178729770243,0.00400555149637238,0.027356544674138,-0.00938626132862641,-0.0172783434556472,0
-0.00123474590214645,-0.00184292652103935,0.00750558781184996,0.00254258972471444,0.00643168574583264,0.000657462219606497,-0.0118396471817871
0.003815922557318,0.00904024802201508,-0.00152718416975794,0.00118433310518729,0.00663556133422105,0.00883369068427164,0.0248324674642728
0.00574091181081293,-0.00691409555558575,-0.0135407515889963,-0.0160221596869388,0.0230034356249282,0.000325679859579875,-0.003448279278916
0.0076429955755799,-0.0136143804245776,0.0103260530685221,0.0134825832775913,0.00513342021464513,-0.0088308014592462,-0.0130379943381298
0.0029238703472565,0.0257877707367324,-0.0374926762506727,-0.0445442324411331,-0.00681046900252724,0.00948184314890854,-0.0172075721694268
0.00764307612719328,-0.00575157649230995,0.0164196931761351,0.0107537395945974,0.00871387190885464,-0.00130250751074845,0.0145794497631573
-0.00180748199547054,-0.0144539855171093,0.0090413710221382,0.0121995239043944,-0.0334754234538091,-0.0217399866364061,0.0504596136389732
-0.00484718599337519,-0.00221484032955299,-0.00857170369452209,-0.004687915521699,0.00196439596625364,0.00431966114451621,-0.00459770924862957
0.00123581598042666,-0.00200472609561775,0.0101223320095638,0.0198162769371946,-0.00159577766632513,0.00198741370483813,0.0157941770327534
0.00450048476731713,0.0220443416507692,0.0332195714266756,0.0348736093594262,0.0209100737824777,0.0138023880277971,0.006166514915664
0.00228267171591945,-0.0119897056560081,0.00134801188689426,-0.00280505092760919,-0.00313291014171657,-0.0111586323570667,-0.0127863156723762
0.00460949852364223,0.00594229252799483,0.00283984945358018,-0.00215036060034457,0.00637596144963837,0.00657897109804217,0.0201362875111089
0.000175844010227522,-0.00148226602046542,-0.0121632252601342,-0.0123293797758848,0.0135781028419428,0.00751269252902764,-0.0263824040080617
-0.00340958135950586,-0.00651975947054062,-0.0274157610205235,-0.0328904146382554,-0.000828451435038957,0.0177395395347171,-0.0292455680964617
-0.00655262628515452,0.0127165260080515,-0.0125001627642316,-0.0144841551431139,0.011185140452258,0.0305391275646709,-0.00517465579001752
0.00357553566545121,0.0132498451650269,-0.0160079494094667,-0.010958045317369,0.00700037860533254,0.0187380693673407,-0.00955697977794379
-0.00619588968775542,-0.0118468284494346,0.000958160405467368,-0.00731297292815647,-0.0122830110697594,-0.0122475505226771,-0.016725742021251
0.00282472796031374,-0.00661136182273037,0.0103216478080537,0.00695748056749856,-0.0011777177194503,0.000615953207032227,0.0271470260880899
0.00682416470172598,0.00239639246341827,0.0142736326558266,0.0127187724077746,0.0164790733143088,0.0149735417901624,-0.00998488868570424
0.00467716366089377,0.00133666346539751,-0.0169628694264228,-0.0162806639741353,0.0235978876685534,0.00272603530923865,-0.02921854599914
-0.00527625106902008,-0.0047214773591886,-0.00285533188917864,0.00267260738147712,-0.0148269139556181,-0.00667680780865076,0.00179533261867426
0.00736047425966468,0.00197586684845419,0.00507052266843733,-0.000711997182090585,-0.00195525969474719,-0.00060919892228295,-0.0258928841977347
-0.00161737672994988,0.00450166055283763,0.00740102583039715,0.0178245255583249,0.0167821736503653,0.00364963908754934,-0.025636454095078
-0.00258197238309421,0.0115826022767136,0.0189593868642319,0.0221424026421975,-0.00147283774429496,0.00363636764338438,0.00986618292105379
-0.0109451903192763,-0.0141122923334907,0.00138450910509214,-0.0101453883700886,-0.0203878325089581,-0.020783144143389,0.0430075427577524
-0.00903958672680449,0.0162605208717803,-0.0725128399217185,-0.0496027998335276,-0.0101181301655853,0.00215949490060963,-0.0235624856385289
-0.00730938535445524,0.00545374310931912,0.0110135082176779,0.00235827773694819,-0.0088054575403449,0,-0.0185104776119462
-0.0302301620835861,0.0153717800478539,-0.0224840021980084,0.00108656294645293,0.0130046938521078,0.0134682170508666,-0.0231524634048692
0.0129330137007768,0.0147383131472703,-0.0146528937469173,-0.0318129245778893,-0.00139778706509119,0.0180782266051476,0.000477897261186189
0.00076659588370287,0.010632035829599,-0.0470695550054376,-0.0154399602726567,0.0130857058033547,0.0256462103099415,0.00286259737463335
0.0185884257803357,0.00336534020478574,0.0266729270977928,-0.00437387784869614,0.000919963266355239,-0.0052524194286101,0.00712084660954981
-0.00663852976006218,-0.00660940938767318,0.011534947557692,0.0337300103766931,-0.00703619028379077,-0.0085206920684846,0.00660068403135217
-0.0122585449553707,0.0126517238436366,-0.000856237743895427,0.0106305986459261,0.00104124496015956,0.0198662683145732,-0.00802080261321436
0.0148830252871823,-0.0122539249920077,0.0425953056326929,0.0285759402633738,-0.0130355663374546,-0.0222296372137385,0.0215565985408357
-0.0297303634730914,0.0150002812594927,-0.0320294268334091,-0.0265724790705191,-0.00611047729701664,0.0236749330282686,-0.000463714360268597
0.00246123678269061,0.000587524905107273,-0.0100520481808024,0.00272553998104996,-0.0097122639552456,-0.00550327239763071,0.0256424306133377
0.0143231161310462,-0.00569391897968163,0.00410116774421443,-0.00472900117390473,0.0137117987538318,-0.00758021122323216,-0.00453104535960025
0.0120331853019948,-0.012150175885167,0.0185847552095684,0.0236025729963156,0.00339877268285882,-0.0123676488086617,0.00226808897411102
-0.0079462520811493,0.00530083403959214,0.00517573573802821,0.003022493189067,-0.00716259740374792,0.00973028464257597,0.00722350770746016
0.00821300629950006,-0.00251439290810573,0.00548037575270044,-0.0110675888738978,0.00258915055785813,-0.000587026726572404,-0.027823915765043
-0.000506209629477006,-0.0031851387246471,-0.00548037575270044,-0.00576059198771173,0.0120335583760376,-0.00323482122983698,-0.00649654257039811
-0.0262889355580667,0.0212403184871448,-0.0186575712164441,-0.0259707354144614,-0.0012782524545667,0.0244411351591451,0.00418119076040102
0.0109231911739487,0.000260230305287656,-0.0116042257782594,0,-0.000348898067154657,0.014269648523328,0.0323859546580183
-0.00320833188068459,0.00493155239945064,0.0225720232275988,0.0275942588160798,0.0139765486238934,0.0265638434876001,-0.00947019479043842
0.00652414118680156,0.00484293717674689,0.00418655890733444,0.00162089184519854,0.0444218390254898,0.013702598612201,0.00722350770746016
0.0126074354387411,-0.0114020411219542,0.00881795914211292,0.0181888038626026,0.0100437525533597,-0.000272219955403941,0.0270706568117043
0.000642620821151851,-0.0036553565505395,-0.0197396841057014,-0.0255942382293313,0.0168034974828286,0.00624238694190771,-0.00175284882741433
-0.00692302940110778,0.014348566248028,-0.0156652275476503,-0.0170037920721318,0.0309205409173519,0.0542380884214819,0.0259754864032606
0.0107837220263516,0.00122402978722658,0.036398289218484,0.035148545691372,0.0251572731440008,-0.00128221584434751,0.0434851119397388
0.0129259228942136,-0.0173397856825792,0.00610411859865412,0.00337688048613849,-0.0422874183657145,-0.0454086669417513,-0.00945536335342745
0.000910203918275343,-0.00756209423146359,0.0159898985183142,0.00654348430799612,0.00389044179253428,-0.0189759014590059,0.0277003454295336
-9.40048413182737e-05,-0.0114180741282031,0.0149412370644937,0.0235181991780644,-0.0192843441656052,-0.0190639839042315,0.0443993567048585
0.000322265529440813,0.000667423104266263,0,-0.00327671242562655,0.00512219666498304,0.0154998951417129,-0.00307929419606134
0.0072036590507949,0.00319744477049078,-0.0273192452664057,-0.0287386170063844,0.0100609797564077,-0.00082428909736576,-0.0186775857590374
0.0028749707848359,0.00119641091040812,-0.00872361716970094,-0.0213825413700679,0.00242067160248283,-0.00330396776327158,0.0113260339804848
-0.00072461844366245,-0.00646431893515054,-0.00397548974805861,-0.00436840883982192,-0.000841308283926701,-0.0350814703601303,0.0177063902255697
-0.00314053560596683,0.00653074425650768,0.121299207208286,0.120495313404527,-0.0115339091437265,0.0228726616659913,0.0207672179247128
0.00257842858794533,0.00305080485995468,-0.0584218160207906,-0.0488791073226871,0.00339991827721864,0.00556794311524422,-0.00637303000509937
0.000342623534935527,-0.00491238375006198,-0.0095529659227962,-0.0121296438894243,-0.0133470562874631,-0.0139784216238406,-0.010586110202727
1.99550346557942e-05,0.00610364795447449,0.0194786057227656,0.00906841700903893,0.0135591678589444,0.0109198901140219,-0.0351999210277104
-0.00490760896030018,0.00823375201354981,-0.000463070163402968,-0.00546542778064829,0.00412720835599689,0.00555402705137498,-0.00197044398729873
-9.69275634350453e-05,0.00209698635165534,-0.00603950732416347,-0.000685283562881445,0.00705080532163116,0.0310821095362019,-0.00197433430371774
-0.00845201208967161,0.00574414112038912,-0.0318789816810865,-0.0248125855109134,-0.00146919955066682,-0.00268817366180008,-0.0103298495015767
0.00613967890003764,-0.0129710302049153,-0.0129117352188972,-0.0063447516333337,-0.0217642223040393,-0.0275634859996856,0.00239329990584036
-0.00243187110520626,-0.0018479413917678,0.000811886055800848,-0.00834447806807148,0.00128713951053605,-0.00889388853151685,-0.0254199686831578
-0.00533050841184757,-0.00696035424127839,-0.00700385630372224,0.00160327815585148,-0.00354362786926909,-0.0180286573231538,-0.0210621042073318
0.00503492668470784,-0.0209048110091832,-0.0290211893441876,-0.0294431093970178,-0.0469094037880673,-0.0323540640748696,-0.0330959353356429
-0.0123341302260576,0.00683705489520836,-0.00387760748860888,-0.00569906864693959,-0.0125930531405363,0.0131254618753696,-0.00910082121059874
-0.0180654413886066,0.0148656815502859,-0.0287888284771691,-0.0261501639780155,0.0175413313434127,0.0209326639580669,-0.0162391104227668
0.00794038223673255,0.00609636769841959,0.00156345033150007,-0.00208392611174624,-0.00123477593283017,0.00113443007061198,0.0369205886140483
0.0141167416692296,-0.00224867819622343,0.0141332928220539,0.00529602145733632,-0.00484153397454445,-0.00227014853453911,0.00170430377853303
-0.00448836225758953,-0.00917925827954225,0.000171130316153345,0.00131963446429184,0.000112860448175489,-0.00827276148710698,-0.0219505262502119
-0.0156831665132842,0.00990732529386573,-0.00549074818041628,-0.0134663011726102,0.0140081855828029,0.0195723167410402,-0.00305077595520553
0.00906335021884974,0.00138847587515389,0.00343524899832026,0.002288766972812,-0.00300919703252678,0.00364503417733353,-0.0211741479332872
0.00639520884605105,-0.00909308359448424,0.0205352994648962,0.0246507919035301,0.0104375808778618,-0.0177895415634981,-0.0157271271232222
0.0108795332131448,-0.00420940721112473,0.0191337673150329,0.0204220141230422,-0.00420633783802238,0.00113895228713101,0.0063205628025893
-0.00138804217406641,0.00287500615910208,-0.0253685166377329,-0.0301344550586471,-0.00400133911660916,0.00906521788711068,0.0318893274897407
0.00990643527223511,-0.00663163498161445,-0.00440454718505823,-0.00508045123241896,-0.00648046960702509,-0.0147729959401515,0.019853910662431
-0.00200154777390793,0.00228249293508487,0.00271278565823607,0.000565770877892113,-0.00415614189946556,-0.0074691527935693,-0.0181117499430461
0.00275901865834349,0.00254487145114535,0.0132875556882057,0.0170113458265369,0.00213639255935316,0.0117530376827828,0.0133998114756401
-0.00392704564571389,-0.00113769461828106,-0.00923212600030254,-0.00185528810174596,0.00693980846556208,0.00142389316382729,0.012798809523334
0.00684810749787523,-0.00395854118181571,-0.00371684834050079,-0.00839165763624861,-0.00447177939139376,0.000284535497722338,-0.0517619345585895
-0.00357505574261019,0.00355669267329439,0.00876311640812499,0.0122837948821526,0.00469484430420763,-0.0011386280763328,0.0159436503971359
0.00284309358564272,0.00180704797692322,0.025183570786961,0.0266487753502473,0.0337714365235886,0.000854092578610466,0.00482139877655963
0.00191859818346884,0.00673089076111211,0.00489637015441158,0.00682106396250415,0.00387388841289393,0.0166505892763671,0.0169091390558287
0.00406442633236814,0.000995784594515214,0.00373771459767624,0.0129744999646606,-0.000644606812178594,0.00947082288012924,-0.00474036655827537
0.00556586177464879,-0.00873018773286738,-0.00618290287278978,-0.0192553640400748,-0.0140694961535797,-0.0125542170539323,0.0587170737082866
-0.000832742288068289,-0.00174181058306822,-0.000326477312726503,-0.00523419659036861,0.00814115758369915,-0.000842578339413702,0.0730308720685112
0.0032480476180492,0.00528305639116322,-0.0171253979484804,-0.00126754204386081,0.00668033946474811,0.00672083179476068,0.0202405710459652
-0.00302745151380357,0.00909610228749802,-0.0118621389247719,-0.0138663050053012,0.00492770145494248,0.00778430397250407,-0.0232743238467881
0.00961597850710305,0.00244248726899521,0.0338735400788783,0.0325349498580021,0.0201001160325598,0.00304161716590112,0.0251278924961111
0.00369721080272001,-0.00528856921132181,0.00905715394074935,0.00691185737964339,-0.0164734453908428,-0.00304161716590112,0.0456105112520522
-0.00118643448140787,-0.0154296218075336,0.0137514159294394,0.00756579662433055,-0.00737379777118452,-0.0303649980799707,0.0151012527368921
0.000702279184828569,0.00443280999891815,-0.0189168834277629,-0.0119909742146005,0,0.00512529595756561,-0.0136868253440814
0.00272640692354464,-0.0152612861364982,0.00950317210676843,0.0102365877997075,-0.019495906132267,-0.0367358733608811,-0.0142351158218721
0.00255735572978466,-0.00669081488338374,0.00368029857756191,0.00856723484677691,-0.0263756424406649,-0.012451984192198,-0.000358487187922307
-0.00196437331880084,-0.00453141867048501,-0.00496358396381158,-0.0068128484318839,-0.01516209177238,0.00208612801031949,-0.0537684730231999
0.00156339803807981,0.00603733996267675,-0.00482704074831553,-0.00827251043466326,-0.00342622537089365,0.00564050775545244,-0.00645285974154763
0.000711297371678299,0.00300505621577152,0.0101100114922295,0.0173460328142969,0.00217130534994947,0.00560887079283834,0.0147422817372034
0.000836743083095115,-0.00129653025770704,-0.00351887759136993,-0.00802236601094641,0.00795910966756797,-0.00916759340983253,-0.0143615469144051
0.00766600345260038,0.00286376849202874,0.016526675214446,0.0158085460164861,0.0103651220902048,0.00621947806702039,0.018106869644567
0.000503004420703945,0.00231229700415092,-0.0184512948943434,-0.0173856952087315,0.0054770158710733,0.00998833215983286,-0.0490331843506497
-0.000592738806981075,0.00190023810148876,-0.0240466501340357,-0.0308100231346851,0.0169111518449947,0.00291885788084523,-0.0158293768211636
-0.0037632657632205,-0.000135611608561348,0.0264518465152133,0.0281759009688667,0.00786030247879399,-0.00526009395174265,0.0271509890659508
-0.00158403123913509,-0.00646282735223558,0.0204493136789718,0.0219139203945513,-0.00250422037341647,0.0014639147688289,0.000776096274888394
0.00217257396969117,-0.00252844635335858,-0.00361550342755734,-0.00344649660472651,-0.0261763247606188,-0.00763586676374217,0.0301837622606809
0.00747929872680686,-0.00535127511902189,-0.0145941676579096,0.000172607232671318,0.00546845846862265,-0.00828897581895527,-0.0529387652543446
0.00219312314560405,0.0045983403492027,0.00716506528428251,0.00602255971625443,0.0123881686044021,0.0138747613258072,0.00435558003965519
0.00416577900397286,-0.00301742102485036,0.00095147485769953,-0.00792287988733165,-0.0113870004914087,-0.00824261363793743,-0.0143257523595051
-0.00401931717134474,0.00984152284479123,-0.0381244684732343,-0.0425671327352948,-0.00178054798877536,0.0111700161968962,-0.0757433459541799
-0.00866852754620417,-0.00129300096274765,0.00263114771099904,0.0134422671095091,0.00278071476659925,-0.00674588274572718,0.0141663669819816
-0.00666017183837297,0.00942092433247499,0.00442442344037808,0.00532671714040411,0.0128022938251888,0.0148973107049635,0.0446000150450684
0.00630363868584638,-0.000877341038223456,0.0301174224641576,0.0296602342379249,-0.0129133740807879,-0.01843505024376,-0.0189306064754172
0.00149915199203754,-6.75196651274135e-05,0.0039585199343799,0.00103092792635806,-0.00166768619450419,0.00559565589053168,0.00538638136766012
0.00909425204036829,-0.0112036480000111,0.0155236359237962,0.0143224954701155,-0.000890571137564855,-0.0237752654936578,-0.0293522120125275
-0.00316784916622304,0.000682593883158944,-0.00358507125468055,-0.00237288246932188,-0.00178352516344749,0.00150262988453465,-0.0470470035060994
-0.0010975548602925,0.00190878781794535,0.00218374755319672,0.000848104537308103,0.0246844489141056,0.00329785938226701,0.0146117277529455
0.00290398106584355,0.00719329920383149,-0.00359010765685941,-0.00186678034696008,0.0243022712757535,0.0127882783693578,-0.00528868575151342
0.00853860849985466,-0.00651247129082311,0.00825357017352157,0.0103084985517841,0.00476923165660104,0.00147645088093729,0.0287476242508037
7.25853153920042e-05,0.00745867303754544,0.00787831370788439,0.00503103526383786,-0.0158792700873311,0.00324053899720145,-0.00949101171058742
0.00712239165123663,-0.000472988961147003,0.00460547329228422,0.00450639167020039,0.000429599405167735,0.00498754151103897,0.0193180508447639
0.00033521461097763,0.000270306799861508,0.00762896589936446,0.00763109210823743,-0.00225745863135796,-0.0020506818377295,-0.0128371467606807
-0.000432353860167822,-6.75698503584954e-05,0.00545703946305842,0.00478114833789167,0.00707777753586125,0.00146520172732822,-0.0160628589295316
0.00444930859958426,0.0016878780633478,0.00617890595198833,0.00459469137831015,0.000747743452027549,0.00204768244724818,-0.00131377290628421
0.00493264145903716,0,-0.00693504965531222,-0.0123549878977611,-0.0267288541048023,0.00901824293785358,0.0203867394623201
0.000865756590306077,0.00457666702741211,0.00738566926488993,0.00413531314642057,0.0224484837386303,0.0132337949776957,-0.0515419072421155
-0.000195427917965674,0.0101550845976197,0.00926762985934371,0.00920151086359766,0.0139504951338631,0.020088382405997,-0.0131970060922817
0.00511505318207206,0.00748323084142921,-0.00596927604448894,0.00895552675885902,0.00369452048461216,0.00809043330534553,0.0333364202675919
3.39509840419083e-05,-6.59782931649033e-05,0,0,-0.00242628949661761,-0.00921150965594508,-0.0448546309994557
-0.00579760217757652,0.00145051782536676,-0.00209769330741683,-0.000810832769632341,0.0125946249204008,0.00754298869043346,0.0165444950170955
0.00294169370249264,0.00144841687050956,-0.00964589242348879,-0.00749067172915829,0.00654922035286098,-0.00362470771877321,-0.00502628428523166
0.00834387445469353,0.00740671298083928,0.0046838493124266,-0.000490476589575906,0.0222356617421111,0.0100056421173211,-0.0231706380785933
-0.00708490957808294,0.0154871068850131,0.0351017155240783,0.0293285603674702,0.00172125795547018,0.00082930205167564,-0.00894755204116759
0.00352716635832273,0.00672885361130238,-0.00233134303466187,0,-0.0195113191993963,0.0030349036951538,0.0182803309341801
-0.00280714494289036,0.0196059910281789,-0.000583685993515104,0.0300351061324262,0.00852555110034992,0.0252971466138203,-0.00185960072185265
0.00489043735873729,-0.0238944092878794,-0.0408159127015484,-0.0795163141629835,-0.0170203706493117,-0.0252971466138203,0.00278810589533762
0.00663324403757493,-0.00346977152071659,-0.00686553921099531,-0.00669682730479515,0.0128180378110034,-0.0124741742251757,0.0050914250230879
-0.00285930730504624,0.00616018375145799,-0.0033737188877403,-0.00691111052535209,0.0105237241984026,0.0113716382810756,0.0187519786958004
0.00695205959231693,-0.0111934266157476,-0.0134541579448229,-0.0172315105529321,-0.00325766347344469,-0.0105351681361094,-0.00818930873387336
-0.00151568673177316,0.0027133552405223,0.00357448511759095,0,0.00852883634752022,-0.00530949968852656,-0.00137142878637908
0.00186840862334314,0.0041205311971062,-0.00295191700409703,0.000344115626244701,0.0421677673605352,0.00975889523806828,-0.0240752368747852
0.00833174163220107,-0.00263776007800143,0.00620445607530673,0.00856462926286472,-0.0162207973159454,-0.00361362450214564,-0.0328679264665656
0.00385470571772117,0.00321585046889528,0.0104600246117297,0.00136355909997032,0.0118495241453118,0.00472288695643153,-0.0304841697293148
-0.00265547693714119,-0.00064234329032864,-0.0132472670479453,-0.00700797671964803,-0.0258371536204764,-0.0162059987130529,-0.0438845926201739
0.000289046059695153,0.00301543230446821,-0.0287868874982404,-0.037931664402338,0.0210554904477478,0.00701757265864655,0.00104275296205547
0.00114031444714513,-0.000448531068295566,-0.00946050509848462,-0.00840867285636371,-0.0130952494093597,-0.00617285910708087,0.0113990871613103
-0.00908326878993648,0.00702519174894967,-0.023143145035502,-0.0230814426628752,0.00108959448153012,0.0197860711418429,-0.0287451199756076
-0.0158557251183833,0.00571140021897154,-0.0420937564253858,-0.0266434018061168,-0.0187874017962866,-0.00220994565080312,0.0131684810468703
0.0100033503525889,-0.0081327089079819,0.0195834270390067,0.0153647392119658,-0.000706392884715079,-0.0348938045525742,0.0109290705321903
-0.000867223291049157,0.00585206173635999,-0.0105103527288986,-0.0121599103778665,-0.00831226276125907,0.00542625920893958,-0.0278160153589979
0.00312945386298935,0.0019009003316155,-0.0101054212703398,-0.00490567021549326,-0.00101843373707489,0.0152631566799641,-0.0286119382585516
-0.0178644763926439,0.00876065225528233,-0.0249250376020713,-0.023345874681711,-0.019653871293448,0.0114350709148661,0.00926689651490953
0.00722845586291143,-0.00661065775060177,-0.0443875859567697,-0.0344691928081748,0.00930912804592943,-0.0196029800057285,-0.00762530927895766
0.0148692652180653,-0.0161103805938838,-0.0068499758727345,-0.00623180225643027,-0.00474717093772448,-0.00481928643594909,0.0269703510225997
0.0111878228829347,0.00121892557193171,0.0319924917414918,0.0323408802703367,0.0178393084343798,0.00056818183346774,-0.00213106100895422
0.00332012872966203,0.00613616498689495,-0.0083107976089547,0.00389712106636431,-0.0152565289625688,0.0110155046910236,-0.00267022855587873
-0.00541547051454039,0.00286341705620785,-0.0113119250362046,-0.019837633743204,0.000721984457126013,-0.00648163464059559,-0.0107527917762619
0.00729965216237183,0.00101613116834098,-0.0203899557030494,-0.0121745840639322,-0.00485763964862063,0.00338696344101574,-0.0419487552028457
0.0016870749056519,-0.00324252437831607,0.0157922464544198,0.0066046472448047,0.00702047070956269,-0.00792083349144379,0.0123250859926201
0.00644186755374498,0.0015907865019944,0.0381566946099108,0.0263794823892511,-0.00826450984989346,-0.00626782678736459,0.0296236692102256
-0.00163177344196619,0.00482050914433341,0.00177273579486315,-0.00136094120354358,0.00836738521647806,0.00797043786836404,-0.0136056520557787
0.00184184473383375,0.00410444803156107,0.0137205318629077,0.0135267762982019,-0.00463990109115109,0.00452617462942007,0.0136056520557787
-0.00292425157831033,0.0105310319459662,0.00765753828844318,0.00574164256767506,0.0285267917575647,0.0239833023475984,0.0613239003166886
0.00469478871444196,0.00578233961044639,0.0283731218859824,0.0256231048878974,0.0156463404146878,0.0128680762625071,-0.0010172940856974
-0.00382284047783088,0.00728893214096615,-0.00354520502993783,-0.00540894725425378,-0.0251327371180992,0.000815771629196771,-0.0394446568018522
-0.0105738150228945,0.0129026157838474,-0.0131076861781532,-0.00299681812597052,-0.00947488113112893,0.00325644792522395,0.00895921671263789
-0.0340880461205213,0.00617809354542231,-0.0375360466406018,-0.035513468554611,-0.0115310656860244,0.00675039690373058,-0.0330696800976082
-0.0307479251880984,-0.00861133277746262,-0.0351230889386698,-0.025193223783897,-0.0314514485407571,-0.0306034812055005,0.00054215235808841
-0.00378567534073149,0.00219018156541217,-0.0263246788991705,-0.0357108345445587,-0.0265296269300341,-0.00835892300885499,-0.0197050710793325
-0.0451681741006533,0.0010932945695421,-0.0368021495074093,-0.0338232010280017,-0.00837470459417133,-0.0030825301135371,-0.0371664398752741
-0.00827244991427545,-0.0371031243747408,-0.0170233722992084,-0.0341226194338495,-0.0421507512211292,-0.0658304021271992,-0.0243914531241591
0.0450108651727774,0.00352179472239644,0.0576019613400685,0.0577723703174424,0.00311149775663377,0.00806094826163273,0.042020570473663
-0.0285105302619044,0.0332777565951572,-0.0279016762220765,-0.0189599106952705,0.0107577141837369,0.0261203404630486,0.0195373225257702
0.0413363509406413,-0.00572439295340121,-0.00174570891002368,0.00699377652016375,-0.00330654197844371,-0.00493684754686852,0.0153595998198306
-0.0345107256246973,0.0228826357571386,-0.0261594226392172,-0.0239378816319533,-0.00320293112984693,0.0184602877112381,-0.0399831158477286
-0.0172010024546196,-0.000656814473530609,-0.0979042149813716,-0.104327569387282,0.0352335392244596,-0.00861084539793833,-0.0194514141911878
-0.0790103948482663,-0.00442981867765813,-0.308557802789657,-0.250525852305322,-0.0355773196667384,-0.0248079262436356,0.0457319314267154
0.0482150805358001,-0.0086768440256888,0.122625338906116,0.0487607873976432,0.00114547549752952,0.00324531926668259,0.0713447761430257
-0.0501028568374107,-0.00546151002552175,-0.0527152739666339,-0.0270970873933689,-0.0117458743326351,-0.0106604503805037,-0.0393029364718608
-0.0999448518460078,-0.0414332112536515,-0.089856329121861,-0.0645183985912636,-0.124290902901484,-0.0677390327703393,-0.0248930602574977
0.0888083564407465,-0.0307855326768678,0.0652822920904157,0.0584632786677322,0.00117978646443273,-0.0665156256433335,0.0312862626405606
-0.127652141156473,-0.0142948977444695,-0.158640775739724,-0.111350685353789,-0.136061213044846,-0.121492665749968,-0.0428598280345834
0.0582262866907417,0.0204242857396064,-0.0337397823814518,-0.0897925042109771,0.00419413436864957,-0.0182352288561671,-0.0529284267303755
-0.0532223362214248,-0.0254795046999483,-0.0879886938599292,-0.112690196276974,-0.0413515318104967,-0.0391267473254517,-0.0350913198112702
0.00469684627742062,-0.0171507718085246,0.0616482772455207,0.0965940224456436,-0.0755350447988503,-0.0114661370876439,-0.0115678611104582
-0.0443276347431585,0.0181505386128977,-0.0321850235445451,-0.112936309466284,0.0268539259378526,0.0395691507310474,-0.0348945060074267
-0.0297314912572597,0.0483745095311994,0.0113284602699881,0.0316034617437566,0.0843363378620383,0.0893180310588009,0.0182223075436687
0.0896831569482162,0.0715158682167107,0.00688034580974417,0.00896501521904991,0.0991022482951589,0.0705846524467404,0.0420665497524598
0.0114689986744798,-0.0323683945688513,0.0810693021063296,-0.0159479969727947,-0.00122607467167679,-0.0118786395882444,-0.00658882287801299
0.0605438287516673,-0.00109923675190782,-0.0249339062584157,-0.0489962859881565,0.00976676238971486,-0.0054775898682986,-0.0151380426373242
-0.0342678080226291,-0.00367287386447046,-0.0368352971303509,-0.0560894666510436,-0.00324500014332774,0.00411100270652209,-0.0030553033238816
0.0329666162214552,0.00465003285269106,-0.0658372992881415,-0.0618559198458617,-0.0278768480723706,-0.0326644745540574,0.0390088462519839
-0.0161423819730624,-0.0284813704270235,-0.0202412868202346,-0.0112663449831008,0,-0.00141392741830915,-0.0298707991123331
-0.0451463287271521,0.00794474167263282,-0.012422519998557,0.046676743164404,0.00166968175703897,-0.00389864041565735,-0.0376936807525178
0.022572695703623,0.019803849044024,0.148217937290152,0.150315003377344,0.0140808510895303,0.0376351035917364,-0.0177895415634983
-0.0152528602319544,0.00718245220511449,0.154487436860244,0.159683197396984,-0.00673958950186382,-0.00651915158365757,0.0615291899468617
0.0679682305676863,0.0469169197877513,-0.0406416356055268,-0.0721999792068644,0.0299097880195065,0.0742800743828704,0.0664580158837633
-0.00160433166295171,-0.0286471808575772,-0.026497667232102,-0.0899133530434115,-0.0107730640620209,-0.0236065933824712,0.0628450406312381
0.0334893452446892,0.000773878658736571,0.0375574123064637,0.0693172308799994,-0.00284726651577749,-0.00229320329815641,-0.0493994599218869
0.0143834386982267,0.0351385131902537,-0.0490428714836804,-0.130778577348757,0.0205610952273929,0.0430104802938382,-0.0287911503840116
-0.0101559925073493,0.0157321986162904,-0.00532165913916449,-0.0121476548020363,0.00305465407852346,-0.0120102581475519,-0.00689657905906027
0.0301144965504569,-0.00960371069308508,-0.0571584138399488,0.203840144650748,0.082803269076642,0.0154601596404169,-0.0581766401777949
-0.0222767506790129,-0.00509489609992286,-0.0719883804667498,-0.0597794824293425,-0.0224673072168837,-0.0228002276995807,-0.0335643688350931
0.00579985899243773,-0.00667974382796643,0.0176995770994011,0.00188786161412446,0.00522974669727638,0.00797579598902987,0.0789724083740881
0.0264409290791852,-0.0211960173036241,-0.00881062968215485,-0.0530618171388326,-0.0171608144445692,-0.0257497329501555,0.0287872497944375
-0.0180427940997907,0.00693957148611357,-0.0780093780599289,-0.167162573949956,-0.00405115125520439,0.00973401585895139,0.102404960476913
-0.0311551677797954,-0.000175834481594528,-0.29266961396282,-0.416812747605702,-0.0395911991285347,-0.0334896694236533,-0.0618100064843672
0.0226713010621014,0.016913599556001,0.0683772974447372,0.0329738747261468,0.0146733931008072,0.0201626397368613,0.0546120319620409
-0.000539564181027075,0.00775041913916485,0.0352894769505294,0.176669543362608,0.0287162405770127,0.00522194398115161,-0.0733144472747554
0.0138080106692549,-0.00165984641605643,0.00782872983007588,-0.00638238313908968,-0.012206127388863,-0.000325573826740033,-0.0518486956792505
0.0146209723169139,-0.0145406750931993,0.0535842461341063,-0.337403986048044,-0.00654561792871799,-0.00718957345256799,0.0894450603519269
-0.00525613946011916,-0.000232517585189385,0.00693243677564492,0.0814221047196431,0.0225358063415193,-0.00394348194250593,0.0439401227540956
0.026236663207249,0.00562336622006576,0.0521564795943616,0.184824687012073,0.0205601909387587,0.023430945013005,-0.0412698941982169
-0.00925511652526545,-0.0199691343939294,0.0885811824514064,0.20089794236689,-0.00655821196081607,-0.031033030872313,0.0325317250024848
-0.0284602206868287,0.00857366224337319,-0.00225309896290904,0.00662422804436291,-0.033965767440673,-0.000331840056139399,-0.0288053432616711
0.0042408122145936,0.000935125725654018,0.0502212914262148,0.0837472099505572,0.00230917357260019,-0.0123561431773185,0.0903709416383019
0.00899995218953809,0.000408842688871758,0.13397820019194,0.184188099566389,0.00153649197961681,0.0150077854336894,0.0192313619278875
-0.00700387339860065,-0.0119248336459803,-0.069260932070248,-0.0792013109053449,-0.0221210753594558,-0.00664233594630481,-0.076161360965564
0.011438948664054,0.0190236648069542,-0.0158760301250314,-0.00294799118532163,0.0218651572518533,0.0379254343269699,-0.0150145197003059
0.0167307580625504,-0.0116053205129472,0.0494871017244858,0.0380683120551324,0.0120843549044016,0.0121174952079763,-0.0491814770290526
0.000177470768981891,-0.00317255421496654,-0.0222813935953119,-0.00651733467786642,-0.012340338522848,-0.00635932190829269,0.0021893823742738
-0.0207577913383856,0.00370033607738662,-0.0238066565900996,0.0325656918240766,-0.0167810830907191,-0.00511673645921773,-0.0719653392575462
-0.0168583783385241,0.0121206541832199,0.00101746659617108,0.0156989095431039,0.0111328010653109,0.0130595899731545,-0.0413852161628543
0.0107003403484889,0.00899504421606601,0.0640087198006754,0.0882761531469449,0.0112648400631405,0.029005619892394,0.0390322739008275
0.00391869225443564,0.00686462280362132,0.0401985887965393,0.0598483952871574,0.0454142851178316,0.0488926284351088,-0.0371968497086003
0.0310152214733561,-0.00985398978976804,0.082905014017375,0.0926201983571158,0.0475092310577914,0.0234351821549152,0.0866037959772624
-0.0105397574194255,0.00728527530259093,-0.029095035746685,-0.0317190770227933,0.0361107632834718,0.0242949802415779,0.0188789615974695
0.0164937431391472,0.000114305309606877,0.0366570378930509,0.0588946624017583,0.0418507781862401,0.00389972639067038,-0.0267574491695494
-0.00778374419390904,-0.0139846321341066,0.00306449606032588,0.012433552716081,-0.0696445246005721,-0.0316321205009999,-0.0286552557603761
0.00235096552025116,0.00531762422930537,-0.0233583154001398,-0.0127314821090194,0.0197056322259348,0.0150935515251067,0.0144302648290289
0.012291136584281,-0.0169761649086633,0.0429154736446429,0.0144951509965159,-0.018900710662324,-0.00652207047496578,0.0187345814373223
0.0146416180037665,0.00140622276644553,-0.0460525074449847,-0.0699373072568203,0.01074664509808,0.0121590639810152,0.0515182409636875
-0.00213657681784696,0.016434271332562,0.0331491026090771,0.0548460310563619,-0.0165103498148307,0.0100671991177239,-0.0226914112020709
0.00641248234782665,0.00390894956231325,0.0384871349065938,0.0517106193406964,0.00932058988488293,0.0282558915931279,0.00544960476756473
0.00215893296979708,0.00697504400094484,0.0262413377939001,0.00367387724237744,0.0306779442976692,0.0198185383217253,-0.030347156389292
0.00817727870202312,-0.0126133996552111,0.0248126298982743,0.0481855083009646,-0.0311361869451652,-0.0260592314832864,-0.00392927813988941
0.0135566554756821,-0.0175192910209647,-0.00328989288253601,-0.00701378650800732,-0.0169877546813035,-0.0220151984315669,0.0222478586635743
-0.00337438293504633,0.00911807123785202,0.0110916186254317,0.00674493316588487,0.00951172929256394,-0.000278280229985217,0.0032948958968525
0.0258740656015526,-0.0176684078472427,0.0532092316851145,0.0467522114136392,-0.0372830856786361,-0.0222325183664762,-0.0132452267500206
0.0119696682358601,0.00896126737334058,-0.0306528161923136,-0.00928080907447271,0.0345085174247108,0.0200034842866779,0.00884961527698247
-0.0078297553381983,0.00911434213160423,0.0017142161660697,-0.00832254478694194,-0.00429259896916712,-0.0109382663995672,-0.045628866780279
-0.00532724337657164,0.0144352642282675,0.0119179326239878,0.00858151151116493,-0.0118123120730713,0.0283588645600688,0.0334403502377819
-0.0607527591986923,-0.0064412461028569,-0.0760813508077098,-0.0800211301400631,-0.0447512726601449,-0.0286409122279943,0.0127390257774297
0.0128250378166381,0.0023627730340996,0.0183538821524283,0.0252055997256444,0.00930694937400744,-0.00792980649224528,-0.0404322337596436
0.00842911347535846,-0.00392179982445562,0.0215389043724232,0.0237849050234415,0.0129580983607553,-0.00256227898190886,-0.0463290119097397
0.018784884652673,0.00242410369196477,0.0210847448813447,0.0156356703307772,0.01231704659744,0.00710129386707159,-0.0323297446015791
-0.00360679622133731,0.00132499947374143,-0.004921269774806,-0.00686018521580278,-0.00907360570972404,0.0022618047527585,0.0104842156755991
0.000594012055040949,-0.00369131806846656,0.0217161150654568,0.0425044544825468,-0.0229281591205224,-0.0105040000556218,0.00550628494302174
-0.00566548220096585,0.0146842147532569,0.0117577839234762,0.00228108070016386,0.0118330139466254,0.0172588807921144,0.0175390041748623
0.00647405569043968,0.00624398918001212,0.0259020838267974,0.0360511383920024,0.0240831144606517,0.00336040641062141,-0.00722024797348697
0.00429819117031371,0.00996601812955511,-0.0145167616016719,-0.020975475986555,-0.000947530569530564,0.0136056520557784,-0.0176672277261672
-0.0261952787327555,-0.00747929818641957,-0.0503007384747991,-0.0545799600688124,-0.0575558077776002,-0.0322292151463639,-0.0255227050242445
0.0108998501734092,0.0023679325491841,0.0264332570681556,0.0265088287507949,0.0165560512801637,0.0205785979263888,-0.0958778061952712
-0.02452521733513,0.00505533852009599,-0.0185280775610424,-0.0215173564144204,-0.00743497848751762,0.00167270738750336,0.0367888898252647
0.0145789075390717,0,0.0293389936652582,0.036030660174426,0.0190951290049179,0.00942618568054554,0.137869794223121
0.0152923336376798,0.00814691186469574,-0.0052707357286006,0.000758054363527716,0.0398306552276955,0.0261452801043225,0.00349040493976849
0.00500954209966409,-0.0117954242334033,0.0109891215755953,-0.00227588921096311,-0.0191789944034815,-0.0179012103292404,-0.0181663360890957
0.0045310018326532,0.00488038440981242,0.0195277349800187,0.0193061029562869,-0.0104536848633385,-0.00109529036141476,0.0187468876293493
0.0157569431658278,0.00441107390466833,0.0046490088382436,0.0116036359352969,0.0177186486335481,0.0206081045849964,0.0824060897461599
-0.0108775088169875,0.00677404034002205,-0.00255427980509682,-0.00887579791396842,0.0219479498417021,-0.00134282281491105,0.00373433349411856
0.00779702648129188,0.00623364313421515,0.00833531105162999,0.0127954501640644,0.0228391174856046,0.0293944107441284,-0.0269849077541128
-0.00565962545128862,-0.00523806783074399,-0.0237995367492112,-0.0307869399571059,-0.0327557827805514,-0.00628274317949495,-0.0243644388741406
0.0104118130009869,-0.00393276049024927,0.0191773884693225,0.0239174330605887,-0.0134562936942029,0.00209863665692112,0.0194288653781675
-0.00940662366648404,0.00171902335286322,-0.0224886497729786,-0.0256839950341994,0.00993268187372021,0.0220301769384794,-0.0542199419901925
0.0133172851894461,0.00431225789867007,0.0210978289646357,0.0293699557131228,-0.00661081382912698,0.0109625062158694,0.0172616483933048
0.00904104488478374,0.00176376609687789,0.0122191722058269,0.0102489916168271,0.00260231989773629,0.00757770738923602,0.0186498765152099
-0.00341191831316046,-0.00985066072815943,-0.00551471985851082,-0.00608792821484583,-0.0151166361264936,-0.0177714755787788,-0.0359115249085147
0.00284458990315883,0.00775584188052036,-0.00693644399665727,-0.0041610634019813,0.0208884879473556,0.0114607137536664,-0.0105018468103124
0.00837176417046415,0.003965417984646,0.00185442797695945,0.00122564055053687,0.0135326376893756,0.0314083643883136,-0.0346096595399769
0.00167764137215975,0.0139190588120366,0.0179027044487592,0.0186875963731215,0.0715388744824272,0.110036681895041,0.0108696722369039
0.00573063962295706,0.0130326579407685,0.00725297830501548,0.00192169167954193,0.0377882712180657,0.0161364164182212,0.014903405502575
-0.0123963452872413,0.00762202874513829,-0.0214571117322229,-0.0135300445245754,-0.0138063065315803,-0.0150378773645405,0.0518848353690117
-0.00620963074430492,0.00898621122661059,0.00184416834193257,0.00557915334383541,0.00577581022839002,0.00896278816610252,0.00783439933261065
0.00736791951006666,0.0305754981494095,0.0121324596810402,0.00915007587894934,0.0418350937273519,0.11130581058001,-0.0357484874425322
-0.00649444434468549,-0.00491175200830885,-0.00684934184557484,-0.0142428478902388,-0.00816742629400036,-0.0550303883243419,0.0351909184289235
0.0123517831282527,0.00491175200830885,0.010256500167189,0.00339806152215782,-0.0294879330306435,0.00102806629801266,0.0679140224025672
-0.00375731072068319,0.00712000159865855,-0.0114026320978113,-0.0240325445612348,-0.0411913710386278,-0.0296163460262151,-0.0393249395330724
0.00764119139237174,0.0104354033464036,0.00251975852023456,0.00346878444942345,-0.000652173936158462,0.0418714013632302,-0.015842997313389
0.00715536588390542,-0.00110391902424478,0.00388172653180607,0.00567272454752121,0.0191692279359135,-0.0093820798332902,0.164636729428444
0.00360545267801804,0.0279714283090708,0.010879527075137,0.0216527131012567,0.0206911213572951,0.081617759188314,0.017593046354937
0.00640915751980131,0.00141480691974127,0.0216309024705916,0.0159965211187174,0.0349075582108016,0.0209314313464981,0.0177398329656926
0.00640715813242387,0.0149039824485628,-0.00464345776295438,-0.00332147399072014,0.0347050494555008,0.0983822756926886,-0.0278875215211559
0.000632794285372995,-0.0173934280024,-0.00957584424444358,-0.0114724011622367,-0.0439291785136975,-0.0491254533594967,0.0444316055476223
0.00273848273347532,-0.0038684767779209,0.00602344264007559,0.0102834817498074,0.022852960113803,0.0281219712324892,-0.0448953199078909
-0.00800104654322098,-0.0602107392703912,-0.00938554375621425,-0.0102834817498074,-0.063802253978638,-0.155635291531449,-0.00604793655531088
0.0138994558279801,0.00675116814313625,0.0173607743305841,0.0223446425048732,0.00645061190920071,0.028393074501218,0.00604793655531088
-0.00204922352271097,0.017139171594577,-0.0044228289700019,-0.00164686544691106,0.030314788919398,0.0696406657701476,0.00969312920565968
-0.000171946613965801,-0.00602165526432508,-0.00377484627217406,-0.00566707537932798,-0.0176411445524556,-0.0380681591039314,0.0743376196458323
0.00270620934859167,0.0196149316015388,0.00797699776141725,0.0189990469076768,0.00787895429812924,0.0344350942540501,0.000426348333041005
0.00230072888957267,0.0109814420909542,-0.00664307137420561,-0.00325808991955778,0.00863669773259179,0.0192850889823322,0.0351795071211733
-0.00441414363894665,-0.040110703994265,0.00443361400167275,-0.00163303430669171,-0.0362766482201318,-0.0465880208713223,0.000411437981529206
0.00315368082028122,0.0130908720255585,-0.00799471280170883,0.00209912613521857,-0.00831472650835519,0.0300289671982288,-0.0254127401869465
0.00343522873930269,-0.00680640277672051,-0.0132422538819017,-0.0157335639593152,-0.00849239180802641,-0.0244340253372819,0.0295178362637831
0.00999358095493186,-0.00581950914953655,0.0176916494314434,0.00589972212718859,0.000755409305873478,-0.00765428921421885,0.0330408782480978
0.00358987425339485,0,0.0316793285389636,0.0204944294683571,0.0126488984110136,-0.00356707409112111,-0.0171901094820299
0.0101440409896405,0.0131358038402203,-0.00452635755013109,0.000691323912773711,0.0068998734544703,0.0363810780794038,-0.0249043285490006
0.00167162640458329,-0.0143244651858927,-0.0139223480022017,-0.0106531808812376,-0.0139549534926982,-0.0195959022017371,0.106186961985858
0.00671001407851257,0.0198654904704458,0.00633259021997468,-0.000465766193795236,0.00907689503926523,0.0208645929020395,-0.013473257703732
-0.00219738913128964,0.000861435610290506,-0.00808659198516093,-0.000465983233036038,-0.00383427884812804,0.0287442801300886,-0.00415330028786365
0.00749687585123304,0.00263038241600189,0.0043792493897592,0.00348959293278384,0.0155649285572323,0.00333831461744882,-0.049244296783958
0.0152489979082358,-0.014656005045298,-0.0306146358196067,-0.030655548361834,-0.0430439400961529,-0.0282861516086581,-0.0136056520557785
-0.0357575865563131,-0.00833938736031925,-0.0088245849276829,-0.0190988520156035,-0.0243142702189161,-0.0405062738852893,-0.00161290357546484
-0.0081662523968653,0.00330288786611366,-0.0382212128201975,-0.0362862871354803,0.0190354720815806,0.0187999953034259,0.039949943692257
-0.0281488668640595,-0.00201139859968613,-0.0626041476722374,-0.0767788253921839,-0.00342409347634298,-0.0116851927762127,-0.0862009613430127
0.0199447985336718,0.00945439166457529,0.0208962827264125,0.0314753622461845,0.0246980098415515,0.0149988924210773,0.0100926003872243
-0.0177412398705865,-0.00148417335772955,-0.0224057169752667,-0.0125251470865706,0.00366340243775376,-0.00793435290797495,-0.0327479826941172
0.000532921379765128,-0.00225606412668267,0.0050226122662913,0.00267809479829317,0.00332850471043145,-0.00241120398746109,-0.0276151670329734
0.01266131471119,0.00924820734566545,-0.00577818464828939,0.00586668349322261,0.033415493667956,0.0176702554556276,0.0215440295647157
0.00520581183150703,-0.00239325928321676,0.0246373043853856,0.0311502741469827,0.0116466145125438,-0.0032894766503988,0.0274577524237263
-0.00462965836374529,0.0033591236797843,0.0397594833524728,0.0421407122585467,-0.00410720363799033,0.000914829448122489,-0.0445671849205763
-0.00844795532213105,-0.00693420409638179,0.0217323659920803,0.0161768233545585,-0.0361428330208193,-0.00293040502741704,-0.134796414931109
